{
  "T_coex": 0.39,
  "rho_liq_ref": 0.6,
  "rho_gas_ref": 0.05,
  "pressure_diffs": {
    "0.28": 0.142682,
    "0.3": 0.125162,
    "0.33": 0.135069,
    "0.36": 0.098406,
    "0.39": 0.074446
  }
}