{
  "r_cut": 1.6733200530681511,
  "T_star": 0.42,
  "rho_star": 0.35,
  "L": 19.123657749350297
}